Location #,Type,Size,Location,Barcode,Serial Number,Pass Y/N,< 5ft Y/N,Date Inspected,Initials
1,ABC,10LBS,1st floor soiled utility,,BE634070,,,,
2,ABC,10LBS,1st floor elevator equipment room,,BE634055,,,,
3,ABC,10LBS,1st floor by stairwell 2,,BE634071,,,,
4,ABC,10LBS,1st floor by exam room 2,,BE634058,,,,
5,ABC,10LBS,1st floor security srea,,BE634067,,,,
6,ABC,10LBS,1st floor open suite,,BE634063,,,,
7,ABC,10LBS,1st floor open suite,,BE634068,,,,
8,ABC,10LBS,1st floor breakroom area,,AY607955,,,,
1,ABC,10LBS,1st floor check in,,H34846070,,,,
1,ABC,10LBS,1st floor exam room 5,,H34846066,,,,
1,ABC,10LBS,2nd floor by suite 2014,,BE634072,,,,
2,ABC,10LBS,2nd floor by exam room 201,,BE634082,,,,
3,ABC,10LBS,2nd floor hall 4 by corner and crosswalk,,BE634069,,,,
4,ABC,10LBS,2nd floor by Brookwood Tec Clean,,BE634066,,,,
5,ABC,10LBS,2nd floor by blood lab 1,,BE634081,,,,
1,ABC,10LBS,3rd floor by 3041,,AY607954,,,,
2,ABC,10LBS,3rd floor by stairwell 1,,BE634073,,,,
,,,,,,,,,
,,,,,,,,,
,,,,,,,,,
,,,,,,,,,
,,,,,,,,,
,,,,,,,,,

+
Location #,Type,Size,Location,Barcode,Serial Number,Pass Y/N,< 5ft Y/N,Date Inspected ,Initials
EPDW-01,ABC,10LBS,EPD warehouse entrance,411972,I17714132,,,,
EPDW-02,ABC,10LBS,EPD warehouse southeast breakroom,761877,I17717025,,,,
EPDW-03,ABC,10LBS,EPD warehouse southwest fire exit,411976,I17713238,,,,
EPDW-04,ABC,10LBS,EPD warehouse center,411975,I17717026,,,,
EPDG-01,ABC,10LBS,EPD LG north entrance panic station,761314,G16810013,,,,
EPDG-03,ABC,10LBS,EPD LG tramshop inside north door,281742,I17717033,,,,
,ABC,10LBS,EPD LG tramshop roll up door,761010,F46781486,,,,
EPDG-04,ABC,10LBS,EPD LG tramshop inside south door,761634,F70313467,,,,
EPDG-05,ABC,10LBS,EPD next to north exit road,411664,I17706463,,,,
EPDG-05,ABC,10LBS,EPD east entrance outside tramshop,761610,I17695171,,,,
EPDG-06,ABC,10LBS,EPD LG westside EVS storage,411967,F70313781,,,,
EPDG-07,ABC,10LBS,EPD LG east stariwell C,761088,F70313782,,,,
EPD1-02,ABC,10LBS,EPD L1 North entrance stairwell C,761342,G16807134,,,,
EPD1-06,ABC,10LBS,EPD Maintenance shop north,761419,F88832394,,,,
EPD1-06,ABC,10LBS,EPD LN1 outside maintenance storage,761874,I17713730,,,,
EPD1-08,ABC,10LBS,EPD L1 southside center,411963,F70314314,,,,
EPD1-09,ABC,10LBS,EPD L1 E elevator lobby panic station,761875,I17713231,,,,
EPD2-01,ABC,10LBS,EPD L2 elevator lobby,281751,I17695170,,,,
EPD2-02,ABC,10LBS,EPD L2 westside center,761334,G15034667,,,,
EPD2-03,ABC,10LBS,EPD L2 southside panic station,761337,G16812997,,,,
EPD2-04,ABC,10LBS,EPD L2 eastside center/ south,761347,G16810525,,,,
EPD2-05,ABC,10LBS,EPD L2 northside canter stair C,761876,I17717027,,,,
EPD2-06,ABC,10LBS,EPD L2 eastside center north,761336,G15022778,,,,
EPD2-07,ABC,10LBS,EPD L2 center middle,761299,G16812290,,,,
EPD3-01,ABC,10LBS,EPD L3 center / south,761873,I17713225,,,,
EPD3-02,ABC,10LBS,EPD L3 southside panic station,281752,I17713722,,,,
EPD3-03,ABC,10LBS,EPD L3 westside center,761871,I17717021,,,,
EPD3-04,ABC,10LBS,EPD L3 westside elevator lobby ,761332,G16810522,,,,
EPD3-05,ABC,10LBS,EPD L3 northside stair B,761298,G09728329,,,,
EPD3-06,ABC,10LBS,EPD L3 northside stair C,761036,F70313779,,,,
EPD3-07,ABC,10LBS,EPD L3 eastside center / north,761872,I17713726,,,,
EPD3-08,ABC,10LBS,EPD L3 center,761870,I17713234,,,,
EPD4-01,ABC,10LBS,EPD L4 Eastside center / south,761868,I17695178,,,,
EPD4-02,ABC,10LBS,EPD L4 southside panic station,761864,I17713739,,,,
EPD4-03,ABC,10LBS,EPD L4 westside center,761865,I17840928,,,,
EPD4-04,ABC,10LBS,EPD L4 westside elevator lobby,761866,I17645186,,,,
EPD4-05,ABC,10LBS,EPD L4 northstair B,281743,F44671117,,,,
EPD4-06,ABC,10LBS,EPD L4 northside stair C,411687,F44671124,,,,
EPD4-07,ABC,10LBS,EPD L4 eastside center / north,761867,I17713232,,,,
EPD4-08,ABC,10LBS,EPD L4 center,761864,I17713735,,,,
EPD5-01,ABC,10LBS,EPD L5 eastside center / south,761860,I17714747,,,,
EPD5-02,ABC,10LBS,EPD L5 south panic station,761863,I17714131,,,,
EPD5-03,ABC,10LBS,EPD L5 east center north,761862,I17707049,,,,
EPD5-04,ABC,10LBS,EPD L5 westside elevatory lobby,761861,I17695182,,,,
EPD5-05,ABC,10LBS,EPD L5 northside stair B,761609,F46777804,,,,
EPD5-06,ABC,10LBS,EPD L5 northside stair C,411757,I17699527,,,,
EPD5-07,ABC,10LBS,EPD L5 center / south,761313,G16810526,,,,
EPD5-08,ABC,10LBS,EPD L5 center ,761859,I17694526,,,,
EPD6-01,ABC,10LBS,EPD L6 eastside center / north,761858,I17707045,,,,
EPD6-02,ABC,10LBS,EPD L6 southside center,281756,I17695187,,,,
EPD6-03,ABC,10LBS,EPD L6 westside center panic station,761343,G16812992,,,,
EPD6-04,ABC,10LBS,EPD L6 westside elevator lobby,281754,I17695179,,,,
EPD6-05,ABC,10LBS,EPD L6 northside stair B,761857,I17707048,,,,
EPD6-06,ABC,10LBS,EPD L6 northside stair C,761619,F44671129,,,,
EPD6-07,ABC,10LBS,EPD L6 center / south,281753,E1149433,,,,
EPD6-08,ABC,10LBS,EPD L6 center,411910,F44671127,,,,
EPD7-01,ABC,10LBS,EPD L7 eastside / south,761348,G16810015,,,,
EPD7-02,ABC,10LBS,Employee stairwell D,761346,G0972371,,,,
EPD7-03,ABC,10LBS,EPD L7 westside / south stair E,761350,G16812291,,,,
EPD7-04,ABC,10LBS,EPD L7 next to elevator lobby entrance,761351,G16812998,,,,
EPD7-05,ABC,10LBS,EPD L7 center west,761340,G09709224,,,,
EPD7-06,ABC,10LBS,EPD L7 northside stair B,761333,G16807136,,,,
EPD7-07,ABC,10LBS,EPD L7 northside stiar C,761349,G16810523,,,,
EPDP-01,ABC,10LBS,EPD L7 penthouse elevator room,761339,G16810527,,,,

+
Location #,Type,Size,Location,Barcode,Serial Number,Pass Y/N,< 5ft Y/N,Date Inspected,Initials
FED-1,ABC,5LBS,ER lobby,411467,H07166654,,,,
FED-2,ABC,5LBS,Hall near triage/to exam rooms,411468,H07166587,,,,
FED-3,ABC,10LBS,NS by exam rm 11,411469,F36266973,,,,
FED-4,ABC,5LBS,NS by exam rm 7,411470,H07166567,,,,
FED-5,ABC,10LBS,NS by exam rm 5,411471,B04733981,,,,
FED-6,ABC,10LBS,NS by exam rooms,411472,F36266899,,,,
FED-7,ABC,10LBS,ER ambulance entry,411473,B04731615,,,,
FED-8,ABC,5LBS,Staff break room,411474,H07166568,,,,
FED-9,ABC,10LBS,By MRI (water 2.5gal),411475,F36266906,,,,
FED-10,ABC,10LBS,Diagnostic MRI,411476,B10292851,,,,
FED-11,ABC,5LBS,Employee entrance by voice/data rm,411477,H07166655,,,,
FED-12,ABC,5LBS,Electrical rm by employee entrance,411478,H07166645,,,,
FED-13,ABC,5LBS,By DXA/ultrasound,411479,A95587904,,,,
FED-14,ABC,5LBS,Voice/data rm by employee entrance,411480,H07166648,,,,
FED-15,ABC,5LBS,Electrical room by employee entrance,411481,H07166535,,,,
FED-16,ABC,5LBS,Diagnostic lobby,411482,H07166553,,,,
FED-17,ABC,5LBS,Med gas room 1 outside,411483,H07166594,,,,
FED-18,ABC,10LBS,Med gas room 2 outside,411484,F36266904,,,,
FED-19,ABC,10LBS,Decontamination room,411485,F36266907,,,,
FED-20,ABC,10LBS,Boiler room,411486,H07166621,,,,
FED-21,ABC,5LBS,Electrical Closet by conference room,,H07166627,,,,
,F500,100L/26GAL,Helipad,71703120,OM-QAMU-F500-100L,,,,

+
Location #,Type,Size,Location,Barcode,Serial Number,Pass Y/N,< 5ft Y/N,Date Inspected,Initials
EG-01,ABC,10LBS,Gr fl Cancer Center main entrance by soiled utl rm,761598,F44671156,,,,
EG-02,ABC,10LBS,Gr fl Cancer Center hall next to mech rm,761321,G16812994,,,,
EG-04,ABC,10LBS,Gr fl Cancer Center conference room ,761597,F44671152,,,,
EG-05,ABC,10LBS,Gr fl mech rm across from Cancer Center at vending,,F44671165,,,,
EG-06,ABC,10LBS,Gr fl by East Main elevator,761569,F46781819,,,,
MHG-07,ABC,5LBS,Gr fl Clinical lab core lab,281823,G31902898,,,,
MHG-07A,ABC,5LBS,Gr fl Clinical lab by receiving ,281801,H07166657,,,,
MHG-08,ABC,10LBS,Gr fl mech rm across from core lab,761307,G16809107,,,,
MHG-09,ABC,10LBS,Gr fl blood bank rm,761140,F70314322,,,,
MHG-10,ABC,10LBS,Gr fl physicians parking by mech rm,761768,I17695172,,,,
MHG-11,ABC,10LBS ,Gr fl physicians parking mech rm by phys. Entrance,761628,G16810018,,,,
MHG-12,ABC,10LBS,Gr fl physicians parking air handler room,761115,F70303694,,,,
,ABC,10LBS,Gr fl HVAC 6007,761699,E93397384,,,,
,ABC,10LBS,Gr fl Emergency Electrical 6006,761703,F96703811,,,,
,ABC,10LBS,Gr fl Electrical 6005,761702,H26371281,,,,
,ABC,10LBS,Gr fl IDF Room 6004,761701,H20309654,,,,
,ABC,10LBS,Gr fl HVAC 6002,761698,H20321057,,,,
,ABC,10LBS,Gr fl Entrance to Doctors Parking Ground,761696,F96703856,,,,
MHG-13,ABC,10LBS,Gr fl hallway by blood bank ,761570,E77822753,,,,
MHG-14 ,ABC,5LBS,Gr fl hallway at Pathology ,761316,G13245593,,,,
MHG-16,ABC,10LBS,Gr fl Pharmacy ,761574,E77613032,,,,
MHG-17,ABC,10LBS,Gr fl Pharmacy ,761697,F44671112,,,,
MHG-18,ABC,5LBS,Gr fl Pharmacy office,761760,I17720543,,,,
MHG-19,ABC,10LBS,Gr fl central supply storage,,F44671120,,,,
MHG-20,ABC,10LBS,Gr fl EVS washroom,761134,F70303698,,,,
,ABC,5LBS,Gr fl physicians parking North tower elevator room,761769,I17713229,,,,
,ABC,10LBS,Gr fl sterile processing back hall ,761575,F65799789,,,,
,ABC,10LBS,Gr fl sterile processing dept back door,761582,F62645479,,,,
,ABC,10LBS,Gr fl sterile processing by steam 1,761581,F62647545,,,,
,ABC,10LBS,Gr fl sterile processing by back door,761579,E77614031,,,,
,ABC,10LBS,Gr fl sterile processing by tools,761580,F59187417,,,,
MHG-24,ABC,10LBS,Gr fl Sterile Processing dirty side exit,761578,F62645480,,,,
MHG-27,ABC,10LBS,Gr fl loading dock by door,761576,F46777799,,,,
MHG-28,ABC,20LBS,Gr fl sterile processing dirty side by riser room,761577,F62646818,,,,
MHG-29,ABC,10LBS,Gr fl main hall by boiler room,761762,I17694806,,,,
MHG-30,ABC,10LBS,Gr fl maintenance shop by uniforms,411867,AU462749,,,,
MHG-31,ABC,10LBS,Gr fl maintenance shop by plumbers shop,761139,F70313475,,,,
MHG-30A,ABC,10LBS,Gr fl mech rm by sterile processing (trash hall),761584,E77614030,,,,
MHG-31 ,ABC,10LBS,Gr fl by gr fl maintenance shop,761135,F59522807,,,,
MHG-32,ABC,5LBS,Gr fl boiler rm control rm by exit ,761755,I15995281,,,,
MHG-33,BC,10LBS,Gr fl maintenance fire panel room,761758,I07098503,,,,
MHG-34,BC,10LBS,Gr fl electrical closet across from Node 3 LTC,764757,I07098502,,,,
MHG-35,ABC,10LBS,Gr fl boiler room bottom of stairs,,F44671125,,,,
MHG-36,ABC,20LBS,Gr fl upper boiler room by main elec rm,761130,F70312771,,,,
MHG-44,ABC,10LBS,Gr fl main elec switch gear 03,761754,C94508498,,,,
MHG-37,ABC,10LBS,Gr fl upper boiler roomexit door to alley,,F44671153,,,,
,K,10LBS,Gr fl kitchen patient services next to hood sys pull,761774,I09863361,,,,
,K,10LBS,Gr fl kitchen prep next to hood systems pull,761318,G05670146,,,,
,ABC,10LBS,Gr fl kitchen by double doors,761571,F46779136,,,,
,ABC,10LBS,Gr fl kitchen by production managed cooler,761772,I17696496,,,,
,ABC,10LBS,Gr fl kitchen by canned soft drink storage,761771,I19694808,,,,
,ABC,10LBS,Gr fl retail dietary behind cashiers,761006,F46778766,,,,
,ABC,10LBS,Gr fl retail dietary by dining rm double doors,,F44671115,,,,
MHG-05,ABC,10LBS,Gr fl kitchen by dairy cooler 4,761272,G16809103,,,,
MHG-38,BC,10LBS,Gr fl kitchen prep under duct system,761773,I09863359,,,,
MHG-39,BC,10LBS,Gr fl kitchen retail grill next to hood sys pull,761775,I09863358,,,,
MHG-40,ABC,10LBS,Gr fl mechanical room in stair 10,761568,E77739344,,,,
MHG-43,ABC,10LBS,GR fl Cancer center mechanical room,281802,F44671154,,,,
MHG-41,ABC,10LBS,Gr fl Cancer Center corner mech rm ,281746,F44671145,,,,
MHG-42,ABC,10LBS,Gr fl North tower elevator 34/35 lobby ,761770,I17695175,,,,
E1-01,ABC,5LBS,1st fl hall by gift shop,761296,G13246834,,,,
W1-25,ABC,10LBS,East hall next to Neonatal Nurse office near gift shop,761276,G16807133,,,,
W1-26,ABC,5LBS,1st floor by Chaplain ,281824,H07164643,,,,
,ABC,5LBS,1st fl main hall by respiratory therapy,761566,F51146696,,,,
MH1-75,ABC,5LBS,1st fl respiratory breakroom,411835,H07166606,,,,
MH1-02,ABC,5LBS,1st fl transportation breakroom,761677,G31902893,,,,
MH1-03,ABC,5LBS,1st fl hallway by chapel,281799,H07164673,,,,
MH1-05,ABC,10LBS,1st fl bedshop by chapel,761277,G16810010,,,,
MH1-82,ABC,10LBS,1st fl anesthesia breakroom,761744,I17695173,,,,
MH1-06,water,10LBS,1st fl MRI control rm hall,761563,F58464870,,,,
MH1-07,ABC,10LBS,1st fl cardiology non-invasive hall by rm 3,761559,E77739594,,,,
MH1-09,ABC,10LBS,1st fl radiology hall by control rm near CT scan suite,761141,F70314307,,,,
MH1-10,ABC,10LBS,1st fl MRI hallway,761742,I17720548,,,,
,ABC,5LBS,1st fl ultrasound suite hall,281826,F96657955,,,,
MH1-11,ABC,10LBS,1st fl ER hall by radiology entry,761743,I17696504,,,,
MH1-12,ABC,10LBS,1st fl x-ray hallway,761271,G16810520,,,,
MH1-13,ABC,5LBS,1st fl nuclear med hallway by rm 5,761564,F51141180,,,,
MH1-14,ABC,5LBS,1st fl nuclear med hallway by rm 5,761565,F51146694,,,,
MH1-15,ABC,10LBS,1st fl ER hall next to room 9,761280,G15022779,,,,
MH1-16,ABC,5LBS,1st fl ER hall next to room 4,761285,G13245270,,,,
MH1-17,ABC,5LBS,1st fl ER hall next to room 16,761323,F99909375,,,,
MH1-18,ABC,5LBS,1st fl ER font hall next to Triage A,761326,F99909943,,,,
MH1-19,ABC,5LBS,1st fl ER entrance main hall,761273,G16812996,,,,
MH1-20,ABC,10LBS,1st fl ER hall by MOB B elevators 22/23/24,761672,F44671116,,,,
MH1-23,ABC,10LBS,1st fl side exit by entrance to Cath Lab,761138,F70312772,,,,
MH1-24,ABC,10LBS,1st fl Neurodiagnostics,761491,F70303132,,,,
MH1-27,ABC,10LBS,1st floor hall leading to Emergency room,761719,I17696492,,,,
MH1-28,ABC,10LBS,1st floor elevator lobby 4/5 by PACU,761279,G15035228,,,,
MH1-29,ABC,5LBS,1st floor PACU hall by nurse mananger office,411809,G13245589,,,,
MH1-30,ABC,5LBS,1st floor PACU hall by bay 4,411808,G31902913,,,,
MH1-31,ABC,5LBS,1st floor hall by Pre-Op/CRNA holding rm,761297,G32455591,,,,
MH1-32,ABC,5LBS,1st floor MOR corridor across OR 6,281796,F59539402,,,,
MH1-33,BC,5LBS,1st floor MOR anestesia work room (M-1),411989,H07164690,,,,
MH1-34,ABC,5LBS,1st floor MOR corridor across MOR pharmacy ,761721,H26371269,,,,
MH1-35,ABC,10LBS,1st floor MOR corridor by stair 5 ,761663,F44671141,,,,
MH1-36,ABC,10LBS,1st floor MOR corridor by OR 17,761664,F44671150,,,,
MH1-37,ABC,10LBS,1st floor MOR corridor by OR 11,761665,F44671146,,,,
MH1-,ABC,5LBS,1st floor MOR corridor near ice machine/storage,761631,F70313785,,,,
MH1-38,ABC,10LBS,1st fl sterile supply next to MOR EVS closet,761666,F44671151,,,,
MH1-39,ABC,10LBS,OR hall across from nurses station,761495,G-16807130,,,,
,ABC,10LBS,1st fl MOR elevator mech rm ,761630,F88861954,,,,
MH1-40,ABC,5LBS,1st fl Pre-Op entrance by NS ,761132,F59543265,,,,
MH1-41,ABC,5LBS,1st fl  Pre-Op by bay 24,761131,F59540926,,,,
MH1-42,ABC,5LBS,1st fl hall by PACU entrance,761021,F51146700,,,,
MH1-80,ABC,5LBS,1st fl roof mechanical rm. Outside,761557,E77739595,,,,
MH1-43,ABC,5LBS,1st fl GI lab Post-Op hall by bay 2,411800,G31902940,,,,
MH1-44,ABC,5LBS,1st fl GI lab Pre-Op hall by bay 5,761045,E94095895,,,,
,BC,5LBS,1st fl GI Lab MP-1 procedure rm 120,761049,H33684670,,,,
,BC,5LBS,1st fl GI Lab MP-2 procedure rm 11,761047,H33685703,,,,
,BC,5LBS,1st fl GI Lab MP-3 procedure rm 121,761048,H33684640,,,,
,BC,5LBS,1st fl GI Lab MP-4 procedure rm 109,761046,H33684643,,,,
MH1-45,ABC,5LBS,1st fl main hall btw admitting and administration,761671,G31902886,,,,
MH1-46,ABC,10LBS,1st fl Administration offices hallway,761731,I17696490,,,,
MH1-47,ABC,10LBS,1st fl Administration hall by rear exit,761732,I17694801,,,,
MH1-48,ABC,10LBS,1st fl admitting area,761733,I17696494,,,,
MH1-49,ABC,10LBS,1st fl main hall behind admitting desk,761556,F65792779,,,,
MH1-50,ABC,10LBS,1st fl main hall by admitting,761552,E93397386,,,,
MH1-51,ABC,10LBS,1st fl Daily Grind shop in the back,761284,G13246831,,,,
MH1-81,ABC,10LBS,1st fl giftshop stock room,411793,BE842473,,,,
,ABC,10LBS,New PACU electrical room,761728,H26371290,,,,
MH1-52,BC,5LBS,1st fl MOR 21,761171,H33684634,,,,
MH1-53,BC,5LBS,1st fl MOR 20,761156,H33684644,,,,
MH1-57,BC,5LBS,1st fl MOR 6,761157,H33684639,,,,
MH1-58,BC,5LBS,1st fl MOR 7,411749,H33684636,,,,
MH1-62,BC,5LBS,1st fl MOR 12,411546,AB391216,,,,
MH1-63,BC,5LBS,1st fl MOR 22,411539,AB391221,,,,
MH1-64,BC,5LBS,1st fl MOR 23,761161,F69491696,,,,
MH1-65,BC,5LBS,1st fl MOR 24,411547,H33689641,,,,
MH1-66,BC,5LBS,1st fl MOR 15,411745,H33684633,,,,
MH1-67,BC,5LBS,1st fl MOR 14,761172,F69491781,,,,
MH1-68,BC,5LBS,1st fl MOR 12,411556,AB391196,,,,
MH1-69,BC,5LBS,1st fl MOR 11,761400,F87311645,,,,
MH1-70,BC,5LBS,1st fl MOR 18,411543,AB391236,,,,
MH1-71,BC,5LBS,1st fl MOR 17,411548,AB391210,,,,
MH1-76,ABC,10LBS,1st fl MOR sterile supply next to OR 23,761667,F44671118,,,,
MH1-72,BC,5LBS,1st fl MOR 16,411742,AB391200,,,,
MH1-73,BC,5LBS,1st fl MOR 19,281688,H33684673,,,,
MH1-74,BC,5LBS,1st fl MOR sterile supply  next to entry/exit door,761720,I17713725,,,,
,ABC,10LBS,Across from OR 16,411750,F7224547473,,,,
,ABC,10LBS,Across from OR 2 ,761678,H26371284,,,,
,ABC,10LBS,Storage hall by East Stairwell ,761679,H26371293,,,,
,ABC,10LBS,OR 1,761680,I02316455,,,,
,ABC,10LBS,OR 2,761681,I02316457,,,,
,ABC,10LBS,OR 3,761682,I02316458,,,,
,ABC,10LBS,Hall by OR 4 ,761638,H26371285,,,,
,ABC,10LBS,OR 10 ,761684,I02316445,,,,
,ABC,10LBS,OR 9,761685,I02316446,,,,
,ABC,10LBS,OR 8,761686,I02316456,,,,
,ABC,10LBS,OR 7,761687,I02316451,,,,
,ABC,10LBS,Between OR 6 and 7 in sterile corridor ,761688,H26371287,,,,
,ABC,10LBS,OR 6 ,761689,I02316454,,,,
,ABC,10LBS,OR 5 ,761690,I02316449,,,,
,ABC,10LBS,OR 4 ,761691,I02316450,,,,
,ABC,10LBS,Outside of 6 on the outside hall ,761692,H26371239,,,,
,ABC,10LBS,Across from OR 4 outside hall,761693,H26371271,,,,
,ABC,10LBS,Outside equipment storage ,761694,H26371294,,,,
,ABC,10LBS,Outside Sterile Supply by east stairway ,761695,H26371272,,,,
,ABC,10LBS,1st fl Cath Lab hall by Cath Lab rm 1,761562,F59184159,,,,
,ABC,10LBS,1st fl Cath Lab hall by electrical rm,761561,E77613028,,,,
,ABC,10LBS,1st fl Cath Lab hall by EVS closet,761560,F59185558,,,,
,ABC,10LBS,1st fl Cath Lab Hybrid OR control rm ,761734,I17696513,,,,
,ABC,10LBS,1st fl Cath Lab Hybrid OR server rm (left),761736,I17717286,,,,
,ABC,10LBS,1st fl Cath Lab Hybrid OR server rm (right),761735,I17696506,,,,
,CO2,30LBS,1st fl Cath Lab Hybrid OR suite,281848,H01503810,,,,
E2-01,ABC,5LBS,2nd fl 251-269 hall btw rms 251&253,761706,I15998326,,,,
E2-02,ABC,5LBS,2nd fl 271-288 hall btw rms 281&283,411915,G21329093,,,,
E2-03,ABC,10LBS,2nd fl mech rm West main elevator 6/7 lobby,761275,G16807138,,,,
MH2-1,ABC,10LBS,2nd fl CVSU rms 235-238 next to exit door,761330,G16809100,,,,
MH2-02,ABC,10LBS,2nd fl CVSU rms 239-248 btw rms 244&246,761710,I17694814,,,,
MH2-03,ABC,10LBS,2nd fl CVSU Recovery by 6 at double exit doors,761668,F44671137,,,,
MH2-04,BC,5LBS,2nd fl CVSU back entrance ,761726,I17720530,,,,
MH2-05,BC,5LBS,2nd fl MICU next to clean utility rm ,761711,I17720532,,,,
MH2-22,BC,5LBS,2nd fl MICU mechanical room,761712,I17696501,,,,
MH2-06,BC,5LBS,2nd fl Dialysis next to entry door,761322,G15010901,,,,
MH2-07,BC,5LBS,2nd fl outside of dialysis,761725,I17717289,,,,
MH2-08,ABC,10LBS,2nd fl main hall at fire doors and time clock,761325,G15020369,,,,
MH2-09,ABC,10LBS,2nd fl at East main elevators 4/5 behind NS,761724,I17717279,,,,
MH2-10,ABC,10LBS,2nd fl 216-229 hall by rm 227,761329,F99711424,,,,
MH2-11,ABC,10LBS,2nd fl next to roof access door,761328,G16809105,,,,
MH2-12,ABC,10LBS,2nd fl at smk doors by EBR,761741,I17720541,,,,
MH2-13,ABC,10LBS,2nd fl PRC hall by exercise rm back door,761740,I17717274,,,,
MH2-14,ABC,10LBS,2nd fl PRC kitchen ,761324,G16809106,,,,
MH2-15,ABC,10LBS,2nd fl PRC lounge/help desk,761327,G15033648,,,,
MH2-16,ABC,5LBS,2nd fl hall before BMP crosswalk,761739,I15991570,,,,
MH2-17,ABC,10LBS,2nd fl inside medical records by coding,761670,F44671126,,,,
MH2-18,ABC,10LBS,2nd fl inside medical records break room,761669,F44671155,,,,
MH2-19,ABC,10LBS,2nd fl inside medical records staff entrance,761738,I17717273,,,,
MH2-20,ABC,10LBS,2nd fl by North Tower elevators 34/35 by med recds,761737,I17720540,,,,
MH2-21,ABC,10LBS,2nd fl 201-215 hall btw rms 207&209,761707,I17717290,,,,
MH2P-01,ABC,10LBS,2nd fl roof AHU2-6 mech rm A,761723,I17696500,,,,
MH2P-02,ABC,10LBS,2nd fl roof AHU2-6 mech rm B,761722,I17720546,,,,
,ABC,10LBS,2nd fl Crosswalk to BMP 1,761497,F72245470,,,,
,ABC,10LBS,2nd fl Crosswalk to BMP 2,411896,V-625201,,,,
,ABC,10LBS,3rd fl by stair 9 ,761000,E77722438,,,,
E3-01,ABC,5LBS,3rd fl hall by room 363,761128,F59522806,,,,
E3-02,ABC,10LBS,3rd fl hall by room 377,761289,F99909040,,,,
E3-03,ABC,10LBS,3rd fl mech rm by rm 365/West main elevator 6/7 lobby,761709,I17699805,,,,
MH3-05,ABC,10LBS,3rd fl main hall by CCU waiting room,761662,F44671147,,,,
,ABC,5LBS,3rd fl hall by room 309,761288,G13248880,,,,
,ABC,10LBS,3rd fl CIU buy rm 327,761118,F70303131,,,,
MH3-06,ABC,5LBS,3rd fl Cath Lab front entrance,761123,E77556184,,,,
MH3-07,Holo,5LBS,3rd fl Cath Lab control room ,761129,F51016063,,,,
,ABC,10LBS,3rd fl Cath Lab by EP lab 1,761547,F65792640,,,,
MH3-10,ABC,5LBS,3rd fl Cath Lab by EP lab 2,761548,F51149676,,,,
MH3-08,ABC,10LBS,3rd fl mainhall by physician conf room,761111,F70247615,,,,
MH3-09,ABC,10LBS,3rd fl Coronary Care Unit,761146,F59541629,,,,
MH4-01,ABC,10LBS,4t fl mainhall across from soiled utility ,761700,I77020533,,,,
MH4-02,ABC,10LBS,4th fl main hall by room 429,761553,E93397383,,,,
MH4-03,ABC,10LBS,4th fl North hall scross from exit stair,761019,E94115788,,,,
MH4-04,ABC,10LBS,4th fl SICU by stair 10,761117,F70303693,,,,
MH4-05,ABC,10LBS,4th fl SICU next to rm 4,761292,G15034671,,,,
MH4-06,ABC,10LBS,4th fl hall by room 409,761120,F70314316,,,,
MH4-07,ABC,10LBS,4th fl mech rm at West elv 6/7 lobby,761294,G15005494,,,,
E4-01,ABC,5LBS,4th fl hall by room 459,761644,G13246829,,,,
E4-02,ABC,5LBS,4th fl hall by room 485,761715,I15995285,,,,
E4-03,ABC,5LBS,4th fl hall by room 472,761714,I15987906,,,,
MH5-01,ABC,5LBS,5th fl West hall Rehab gym (solarium),761092,F59540928,,,,
MH5-02,ABC,5LBS,5th fl West hall by room 509,761122,F59541626,,,,
MH5-05,ABC,10LBS,5th fl South hall by room 546,761109,F70303140,,,,
MH5-06,ABC,5LBS,5th fl North hall by room 527,761124,F59539404,,,,
MH5-07,ABC,5LBS,5th fl North hall across from exit stair,761125,F59522804,,,,
MH5-08,ABC,10LBS,5th fl East hall next to time clock,761286,G16809108,,,,
MH5-09,ABC,10LBS,5th fl West mechanical room,761716,I17696507,,,,
,ABC,10LBS,5th fl inside NS at shred bin,761627,F70314308,,,,
,,,5th fl NS behind desk,761291,G16812993,,,,
MH6-01,ABC,10LBS,6th fl main hall across from soiled utility closet/timeclock,761295,G16807140,,,,
MH6-02,ABC,10LBS,6th fl patient hall 616-629,761282,G15020366,,,,
MH6-03,ABC,10LBS,6th fl patient hall 616-629 at stair 9,761016,F46778273,,,,
MH6-04,ABC,10LBS,6th fl NS,761108,F70303133,,,,
MH6-05,ABC,10LBS,6th fl patient hall 601-612 at Rehab gym,761119,F70314310,,,,
MH6-06,ABC,5LBS,6th fl ADL kitchen,761283,G05670147,,,,
MH6-07,ABC,10LBS,6th fl patient hall 635-649 at stair 10,761287,G16810017,,,,
MH6-08,ABC,10LBS,6th fl patient hall 635-649 med room,761290,G16809109,,,,
MH7-01,ABC,10LBS,7th fl East hall across from pantry,761705,I17717281,,,,
,ABC,10LBS,7th fl NS by shred bin,761718,I17720544,,,,
MH7-03,ABC,10LBS,7th fl West hall by room 709,761075,F70241000,,,,
MH7-04,ABC,10LBS,7th fl North hall by room 743,761112,F70303692,,,,
MH7-05,ABC,10LBS,7th fl by room 734,761704,I1769502,,,,
MH7-06,ABC,10LBS,7th fl Mental Health IM7 next to room 726,761077,F70313469,,,,
MH7-07,ABC,10LBS,7th fl Mental Health IM7 next to dayroom,761717,I17717284,,,,
MHP-01,ABC,10LBS,Penthouse East roof elv controls mech rm exit door,761661,F44671131,,,,
MHP-02,ABC,10LBS,Penthouse East roof elv controls mech rm,761727,I17717022,,,,
MHP-03,ABC,10LBS,Penthouse center roof elv controls mech rm exit door,761558,E93374715,,,,
MHP-04,ABC,10LBS,Penthouse center roof elv controls mech rm exit door,761708,I17713728,,,,
MHP-05,ABC,10LBS,Penthouse West roof elv controls mech rm,761293,G16810519,,,,
CMHG-1 ,ABC,10LBS,Gr fl Mental Health corr at pat laundry Geri offices,761750,I17695176,,,,
CMHG-2,ABC,10LBS,Gr fl Mental Health corr at pat laundry Geri ,761759,I17713233,,,,
CMHG-3,ABC,10LBS,Gr fl Mental Health corr at rm 1059 IM3,761747,I17713236,,,,
CMHG-01,ABC,5LBS,Gr fl Mental Health corr at stair 2,281797,H07166656,,,,
CMHG-02,ABC,5LBS,Gr fl Mental Health corr at IM2 doors,281804,H07164704,,,,
CMHG-03,ABC,10LBS,Gr fl Mental Health corr at rm 017 IM2,761136,F70314320,,,,
CMHG-04,ABC,10LBS,Gr fl Mental Health corr at rm 030 IM2,761133,F70313473,,,,
CMHG-05,ABC,10LBS,Gr fl Mental Health physical therapy breakroom/kitchen,761676,F44671136,,,,
CMHG-06,ABC,10LBS,LTC elevator room outside door,281726,D06445161,,,,
CMHP-01,ABC,10LBS,P-level Mental Health corr at ADHEC recovery door,761751,I17713727,,,,
CMHP-07,ABC,10LBS,P-level Mental Health Intake office door,761311,G13248879,,,,
,ABC,5LBS,P-level Mental Health Intake med room,411549,AB391212,,,,
,ABC,5LBS,P-level Mental Health Intake break room,281798,H07164672,,,,
CMHP-08,ABC,10LBS,Intake next to clean work room,761629,F70303130,,,,
CMHP-10,ABC,10LBS,P-level ADHEC maintenance in HVAC room,761308,G16809099,,,,
CMHR-11,ABC,10LBS,Roof ADHEC hangning on metal barrier ADHEC wall/MH roof,761748,I17717023,,,,
CMHR-12,ABC,10LBS,Roof Mental Health behind mech rm ,761749,I17695169,,,,
CMHP-04,ABC,10LBS,P-level ADHEC treatment area at NS and restrooms,761673,F44671097,,,,
CMHP-06,ABC,5LBS,P-level Mental Health corr at ADHEC check-in,761674,F44671092,,,,
CMHP-14,CO2,25LBS,P-level outisde ADHEC switch gear room,761752,I07098500,,,,
CMHP-15,CO2,25LBS,P-level outisde ADHEC switch gear room,761753,I07098504,,,,
CMHP-16,ABC,10LBS,Gr l outside ADHEC mechanical room ,761675,F44671138,,,,
CMH1-01,ABC,10LBS,1st fl Mental Health IM4 by room 101,761309,G16809104,,,,
CMH1-02,ABC,5LBS,1st fl Mental Health IM4 corr at stair 2,281830,H07164652,,,,
CMH1-03,ABC,5LBS,1st fl Mental Health IM1 by room 117,281835,H07164683,,,,
CMH1-04,ABC,5LBS,1st fl Mental Health IM1 corr at smk doors,761746,I17717032,,,,
CMH1-05,ABC,5LBS,1st fl Mental Health IM1 by room 130,761567,F51150043,,,,
CMH1-06,ABC,10LBS,Adjuctive therapies office,761745,I17713228,,,,
CMH1-07,ABC,5LBS,1st fl be restrooms for Center for Mental Health,281831,H07164564,,,,
NTG-01,ABC,10LBS,Gr fl Cancer Center hall to Cyberknife,761317,G15020365,,,,
NTG-02,ABC,10LBS,Gr fl Cyberknife lobby,761310,G16807135,,,,
NTG-03,ABC ,10LBS,Gr fl Cancer Center lobby,761278,G15022780,,,,
NT1-01,ABC,10LBS,1st fl N tower elv 34/35 lobby Pre-op holding waiting rm,411695,F70313471,,,,

+
Location #,Type,Size,Location,Barcode,Serial Number,Pass Y/N,< 5ft Y/N,Date Inspected,Initials
WMP1-01,ABC,10LBS,Suite 112 WDC south hall by to mammography,761834,I17714807,,,,
WMP1-02,ABC,10LBS,Suite 112 WDC west hall by medical records,761835,I17707053,,,,
WMP1-03,ABC,10LBS,Suite 112 WDC north hall next to break room,761836,I1769203,,,,
WMP1-08,ABC,10LBS,Suite 112 WDC outside new CT scan,411846,AU462751,,,,
WMP1-04,ABC,10LBS,Suite 104 Dr Barnes office front hall ,761374,G16810008,,,,
WMP1-05,ABC,10LBS,Suite 104 Dr Barnes office front hall ,761382,G16807127,,,,
WMP1-09,ABC,10LBS,Lobby across from elevators,281919,F72245478,,,,
,ABC ,10LBS,2nd landing of Stairwell by Elev# 16 ,761498,G15033649,,,,
,ABC,5LBS,Chapel,761512,F88840430,,,,
,ABC,5LBS,Across from suite 200,761379,G16812983,,,,
,ABC,10LBS,Suite 202 btw rm 4 &5,761522,F70333257,,,,
,ABC,10LBS,Suite 202 by lab,761521,F88840454,,,,
,ABC,5LBS,Suite 204 by ultrasound,761837,I15995067,,,,
,ABC,10LBS,Suite 206,761418,F88842270,,,,
,ABC,5LBS,Suite 214 records,761519,F72245537,,,,
,ABC,10LBS,Suite 214 break room,761520,XR506075,,,,
,ABC,10LBS,Across from Suite 214,761376,G-16812984,,,,
,ABC,10LBS,Suite 210 at lobby door,761625,F70313778,,,,
,ABC,10LBS,Suite 210 at lab,411595,BP698374,,,,
,ABC,10LBS,Suite 210 Break room,411514,F72245555,,,,
,ABC,10LBS,Suite 302 Rear Hall ,761501,G15005489,,,,
,ABC,10LBS,Suite 302 By Restroom ,761417,F88829005,,,,
,ABC,10LBS,3rd by suite 310,761375,G16810516,,,,
,ABC,10LBS,3rd by suite 302,761383,G16809093,,,,
,ABC,10LBS,Suite 302 back hall,761415,F88829993,,,,
,ABC,5LBS,Suite 310 breakroom,761535,G31902918,,,,
,ABC,10LBS,Suite 310 by rm 3,761517,F72245518,,,,
,ABC,10LBS,Suite 310 by lab,761518,F72245535,,,,
WMP3-01,ABC,10LBS,Suite 300 Case management/Addmissions ,761838,I27706964,,,,
,ABC,10LBS,4th by stair 17,761378,G16810515,,,,
,ABC,10LBS,4th by suite 405,761377,G16812987,,,,
,ABC,10LBS,Suite 410 ,761414,F88830930,,,,
,ABC,10LBS,Suite 402 exam rm 11,761537,E71295841,,,,
,ABC,10LBS,Suite 402 by Dr Taylor,761536,E71295842,,,,
,ABC,10LBS,Suite 402 by acct management,761538,E71295822,,,,
,ABC,5LBS,Suite 402 by rm 3,281820,AF72245485,,,,
WMP5-01,ABC,10LBS,Suite 502 PAT admission desk,761657,F44671089,,,,
WMP5-02,ABC,10LBS,Suite 502 PAT backhall,761422,F88833514,,,,
,ABC,10LBS,5th by suite 508,761380,G16807129,,,,
,ABC,10LBS,5th by suite 508B,761373,G16807105,,,,
,ABC,10LBS,Suite 508 reception area,761031,F96664706,,,,
,ABC,10LBS,Suite 508 records,761648,F44671100,,,,
,ABC,10LBS,Suite 508 by rm 8,761541,E71295826,,,,
,ABC,10LBS,Suite 508 corner by rm 12,761539,E71295840,,,,
,ABC,10LBS,Suite 508 lab,761126,F59543266,,,,
,ABC,10LBS,Suite 508 by exit sign closet,761540,E71295848,,,,
,ABC,10LBS,Suite 508 recovery,761543,E71295839,,,,
,ABC,10LBS,Suite 508 by rear exit ,761542,E71295836,,,,
,ABC,10LBS,Suite 508 back of OR,761544,E71295845,,,,
WMP6-04,ABC,10LBS,Suite 604 kitchen,761113,F70314306,,,,
,ABC,10LBS,Suite 604 hallway by kitchen,761365,G16810001,,,,
,ABC,10LBS,Suite 604 Exam Room 3,761213,F96657956,,,,
,ABC,10LBS,Suite 604 Hallway to lounge,761212,F93817480,,,,
,ABC,10LBS,Suite 600 Front Receptionist area,761440,F44671106,,,,
,ABC,10LBS,Suite 600 Middle of back Hallway ,761445,F44671086,,,,
,ABC,10LBS,Suite 600 Breakroom ,761444,F44671133,,,,
,ABC,10LBS,Suite 600 Lab area,761443,F72245521,,,,
,ABC,10LBS,Suite 600 Rear Door ,761441,F44671089,,,,
,ABC,10LBS,Suite 600 Kitchen Area ,761659,F44671091,,,,
,ABC,10LBS,Suite 600 by power panel ,761442,F44671090,,,,
,ABC,10LBS,Suite 600 across from restroom,761824,I17699532,,,,
,ABC,10LBS,Suite 600 outside exam rm 3,761825,I17706466,,,,
,ABC,5LBS,6th by stair 17,761660,G21329070,,,,
,ABC,5LBS,6th by elevator lobby,761121,F59543263,,,,
,ABC,5LBS,6th by suite 604,761301,G13245590,,,,
,ABC,5LBS,Suite 604 by lobby entry,761212,F93817420,,,,
,ABC,5LBS,Suite 604 by lab,761213,F96657956,,,,
,ABC,10LBS,7th mechanical room,761623,F44671108,,,,
,ABC,5LBS,7th elevator lobby,761596,F44671132,,,,
,ABC,5LBS,7th by stair 18,761385,G13245592,,,,
,ABC,5LBS,7th by suite 700,761362,G13245274,,,,
,ABC,10LBS,Suite 700 reception area,761207,F72245559,,,,
,ABC,10LBS,Suite 700 urine test area,761208,F72245572,,,,
,ABC,10LBS,Suite 700 by cabinets/IUD display,761209,F72245501,,,,
,ABC,10LBS,Suite 700 corner by vending,761210,F72245503,,,,
,ABC,5LBS,Suite 700 breakroom,761211,F72245542,,,,
,ABC,10LBS,Suite 710 ,761416,F88829007,,,,
,ABC,5LBS,Roof Penthouse,761320,G13245272,,,,

+
Location #,Type,Size,Location,Barcode,Serial Number,Pass Y/N,< 5ft Y/N,Date Inspected,Initials
,ABC,10LBS,Outside alley by mechanical room,761654,F44671109,,,,
,ABC,10LBS,Chiller #2 ,761345,G16810529,,,,
ACCG-01,ABC,10LBS,Mail Room ,761357,G15034669,,,,
ACCG-02,ABC,10LBS,Payroll front hall,761358,G16812995,,,,
ACCG-03,ABC,10LBS,Accounting back hall,761829,I17724805,,,,
ACCG-04,ABC,10LBS,IS back hall next to conference room,411988,F44671143,,,,
ACCG-05,ABC,10LBS,IS  front hall next to reception,411978,F44671169,,,,
ACCG-06,Halcon,5LBS,IS server room ,411882,H29569619,,,,
ACCG-07,ABC,10LBS,Plant Ops by Break Room ,761831,I17695702,,,,
ACCG-08,ABC,10LBS,Plant Ops Center by Racks ,761072,F70313468,,,,
ACCG-09,ABC,10LBS,Clinical office,761653,F44671105,,,,
UPS room,ABC,10LBS,UPS room dietary alley outside IS,281712,I17695645,,,,
ACCG-10,ABC,10LBS,HRC front hall,761830,F44671148,,,,
ACCG-11,ABC,10LBS,HRC rear hall,281709,F44671149,,,,
,ABC,5LBS,Ground by air handler,411985,G31902936,,,,
,ABC,10LBS,Gr fl hall by elevator lobby,761073,F70313784,,,,
ACC2-01,ABC,10LBS,Suite 215 break room,761655,F44671096,,,,
ACC2-03,ABC,10LBS,HR next to registration,761100,F70303697,,,,
ACC2-04,ABC,10LBS,HR breakroom,761076,F70313482,,,,
,ABC ,10LBS ,Orange Elevator Crosswalk #21 Ground Mech RM,281908,F72245536,,,,
,ABC,10LBS,2nd by stair 7,761356,G16810011,,,,
,ABC,10LBS,2nd by stair 14,761393,G16809110,,,,
,ABC,10LBS,Suite 209 ,761411,F88832743,,,,
,ABC,10LBS,Suite 210 records,761506,F88770822,,,,
,ABC,5LBS,Suite 210 breakroom,761507,F93817423,,,,
,ABC,10LBS,Suite 211 ,761410,F88829992,,,,
,ABC,10LBS,Suite 207 hall inside,761508,F88793739,,,,
,ABC,10LBS,Suite 208 by break room,761656,F44671104,,,,
,ABC,10LBS,2nd fl mechanical room,761082,F70313480,,,,
ACC3-01,ABC,5LBS,Suite 304 Heart Holding ,761145,F59538745,,,,
,ABC,10LBS,3rd by stair 14,761331,G15010897,,,,
,ABC,10LBS,3rd by stair 7,761392,G15034670,,,,
,ABC,10LBS,Suite 305 By BreakRoom by Back Hall ,761425,F88842267,,,,
,ABC,10LBS,Suite 305 Staff Exit,761409,F88829004,,,,
,ABC,10LBS,Suite 305 Middle Desk Mid Hall ,761424,F88832744,,,,
,ABC,10LBS,Suite 307  Reception area ,761827,I17699534,,,,
,ABC,10LBS,Suite 307 Hallway,761828,I17707050,,,,
,ABC,10LBS,Suite 307 Gallaway ,761407,G16812986,,,,
,ABC,10LBS,Suite 310 By Break Room Door ,211022,F88789519,,,,
,ABC,10LBS,Suite 402,761406,G16810002,,,,
ACC4-01,ABC,10LBS,Suite 405 Volunteer office kitchen,761387,G16810019,,,,
ACC4-02,ABC,10LBS,Suite 405 Volunteer office,761389,G16810014,,,,
,ABC,10LBS,Suite 412 ,761428,G16807126,,,,
,ABC,10LBS,Suite 414,761426,F88829006,,,,
,ABC,10LBS,4th by stair 7,761390,G15010898,,,,
,ABC,10LBS,4th by stair 14,761388,G15022781,,,,
,ABC,10LBS,Suite 408 by rm 2,761192,F88773153,,,,
,ABC,10LBS,Suite 403 by rm 1,761826,I17714804,,,,
,ABC,5LBS,Suite 401 lobby entrance,761533,G31902872,,,,
,BC,5LBS,Suite 401 draw area,411544,AB391203,,,,
,ABC,5LBS,Suite 401 breakroom,761193,F44671103,,,,
,ABC,10LBS,Suite 409 ,761436,F44671144,,,,
,ABC,10LBS,Suite 416  Material Management ,411986,F44671128,,,,
ACC5-01,ABC,10LBS,Suite 509 Pastoral Care,761833,I17707051,,,,
ACC5-02,ABC,10LBS,Emergency services suite 508,411979,F44671119,,,,
,ABC,10LBS,5th by stair 14,761353,G16807141,,,,
,ABC,10LBS,5th by stair 7,761391,G10533647,,,,
,ABC,5LBS,Suite 503A rear office desk,761185,F88789515,,,,
,ABC,10LBS,Suite 510 by exam rm 18,761621,F88773161,,,,
,ABC,10LBS,Suite 510 by exam rm 10,761832,I17714137,,,,
,ABC,10LBS,Suite 510 by exam rm 5 ,761624,F70314313,,,,
,ABC,10LBS,Suite 511 ,761427,G16809096,,,,
,ABC,10LBS,Suite 513,761431,G16809098,,,,
,ABC,10LBS,6th inside stair 14,761104,F70303699,,,,
,ABC,10LBS,6th vending area,761355,G15035227,,,,
,ABC,10LBS,6th by EVS closet,761384,G15005488,,,,
,ABC,10LBS,6th by suite 628,411984,F44671110,,,,
,ABC,10LBS,Suite 626 by breakroom,761181,F88773157,,,,
,ABC,10LBS,Suite 628 by lobby door,761182,F88770817,,,,
,ABC,10LBS,Suite 628 by checkout ,761183,F44671122,,,,
,ABC,10LBS,Suite 626 by records,761184,F88770819,,,,
,ABC,10LBS,Roof upper platform elevator penthouse,761335,G16810528,,,,
,ABC,10LBS,Roof lower platform elevator penthouse,761352,G16810521,,,,
,ABC,10LBS,Roof rising door,761394,G16809101,,,,

+
Location #,Type,Size,Location,Barcode,Serial Number,Pass Y/N,< 5ft Y/N,Date Inspected ,Initials
,ABC,10LBS,Ground by stair 24,761081,F70313481,,,,
,ABC,10LBS,Ground by EVS closet,761080,F70313478,,,,
,ABC,10LBS,Ground by elevator closet,761071,F70303695,,,,
,ABC,10LBS,Ground elevator machine room,761086,F70312273,,,,
,ABC,10LBS,Ground by stair 25,761083,F70314309,,,,
,ABC,10LBS,G5 By Admin Office ,411554,F-72245486,,,,
,ABC,10LBS,G5 by Kitchen ,761016,F-72245464,,,,
,ABC,10LBS,G5 by Directors office ,411983,F-72245514,,,,
POB1-01,ABC,10LBS,Suite 101 BIO Med wall office,281724,D57647584,,,,
POB1-02,ABC,10LBS,Suite 101 BIO Med Breakroom ,761005,E94122377,,,,
POB1-03,ABC,5LBS,Suite 114 Security next to console,411540,F72245498,,,,
POB1-04,ABC,10LBS,Suite 114 Security next to kitchen ,761218,F59540925,,,,
POB1-05,ABC,10LBS,Suite 114 Secuirty break room ,411495,AH197433,,,,
POB1-07,ABC,10LBS,Suite 104 hall by office,461626,F70313470,,,,
POB1-08,ABC,10LBS,Suite 111 Inmate holding back room,761601,F46777793,,,,
POB1-09,ABC,10LBS,Suite 120 Property manager copier ,281722,C91408194,,,,
POB1-10,ABC,10LBS,Suite 120 Property manager restroom,281721,D57603905,,,,
,ABC,10LBS,Suite 106 Rear by Back office ,761478,G16810003,,,,
,ABC,10LBS,1st by stair 24,761069,F70240344,,,,
,ABC,10LBS,1st by electrical closet,761089,F70314315,,,,
,ABC,10LBS,1st by stair 25,761078,F70313479,,,,
,ABC,10LBS,Suite 115 Back Hall  Psych Therapy Office,761359,G16812999,,,,
,ABC,10LBS,Suite 115 Front Hall ,281698,D58445272,,,,
,ABC,10LBS,Suite 112 Front Door ,761477,F88829991,,,,
,ABC,10LBS,Suite 112 by back door,761386,G16807137,,,,
POB2-04,ABC,5LBS,Suite 206 PAT by exam 1 ,761354,F99909374,,,,
POB2-05,ABC,10LBS,Suite 206 PAT by exam 7 ,411647,BL546116,,,,
POB2-06,ABC,10LBS,Suite 206 PAT by waiting room door,761622,F70313472,,,,
POB2-07,ABC,10LBS,Suite 206 PAT by supply ,761600,F46779134,,,,
POB2-01,ABC,10LBS,Suite 208 case mngr hallway ,761093,F95939403,,,,
POB2-02,ABC,10LBS,Suite 208 Psych case mngr breakroom,761095,F59538744,,,,
POB2-03,ABC,5LBS,Suite 215 BBH CV ,411887,C91409177,,,,
,ABC,10LBS,2nd by stair 25,761085,F70303136,,,,
,ABC,10LBS,2nd electrical closet,761087,F70314315,,,,
,ABC,10LBS,2nd by stair 24,761084,F70313474,,,,
,ABC,10LBS,Suite 205 Hallway,761011,E77735231,,,,
,ABC,10LBS,Suite 207 hallway,761199,F88789514,,,,
,ABC,10LBS,Suite 207 breakroom,761200,F88770818,,,,
,ABC,10LBS,Suite 209 hall by lab,761201,F88789516,,,,
,ABC,10LBS,Suite 214 hall by corner closet,761202,CB551700,,,,
,ABC,10LBS,Suite 214 corner nurse station,761203,CB551701,,,,
,ABC,5LBS,Suite 214 IS closet note on door,761204,AH197439,,,,
POB3-01,ABC,10LBS,Suite 308 Back hall education ,761361,G15034672,,,,
,ABC,10LBS,Suite 309 Vacant,761484,G16809998,,,,
POB3-02,ABC,10LBS,suite 312 Vacant,281720,C94509021,,,,
POB3-04,ABC,10LBS,Suite 314 Brookwood ENT ,281697,D57600965,,,,
,ABC,10LBS,Suite 315 Vacant,761482,G16810514,,,,
POB3-05,ABC,10LBS,Suite 301 Center Hall by Copy Center ,,F44671121,,,,
POB3-06,ABC,10LBS,Suite 301 North Hall ,411490,AC603743,,,,
POB3-07,ABC,10LBS,Suite 301 South Hall ,411491,AC603747,,,,
POB3-08,ABC,10LBS,Suite 301 Copy Center ,411504,C94510061,,,,
POB3-09,ABC,10LBS,Suite 304 BBH valve clinic hall ,411487,C945079352,,,,
POB3-10,ABC,10LBS,Suite 304 BBH Valve Clinic Breakroom  ,411488,C91410062,,,,
,ABC,10LBS,Suite 302 Vacant,761430,G16809095,,,,
,ABC,10LBS,Suite 305 Vacant,761483,G16810517,,,,
,ABC,10LBS,3rd  by stair 24,761090,F7030141,,,,
,ABC,10LBS,3rd electrical closet,761360,G16812989,,,,
,ABC,10LBS,3rd by suite 312,761079,F70303701,,,,
CA-01,ABC,10LBS,Lower level atrium to crosswalk,761013,E94119343,,,,
CA-02,ABC,10LBS,Lower level atrium  mechanical room,281711,D57648760,,,,
CAW-01,ABC,10LBS,Upper level atrium crosswalk,761632,F70303702,,,,

+
Location #,Type,Size,Location,Barcode,Serial Number,Pass Y/N,< 5ft Y/N,Date Inspected ,Initials
,ABC,10LBS,LL hallway FDC cabinet,761370,G16809994,,,,
,CO2,10LBS,LL electrical closet,761397,F87311664,,,,
,CO2,5LBS,LL Mechanical room,761840,G11040612,,,,
,ABC,10LBS,Suite 75 bhind check in,761007,F46779130,,,,
,ABC,10LBS,Suite Back Exit Door,761001,F70303137,,,,
,ABC,10LBS,Suite B60 by Exam Room ,761481,G16807125,,,,
,ABC,10LBS,Suite B65 pharmacy area,761256,F59151364,,,,
,ABC,10LBS,Suite B50 by Xray rm,761257,F88869213,,,,
,ABC,10LBS,Suite B50 by restroom,761258,F88783202,,,,
,ABC,10LBS,Suite B50 by staff restroom,761265,F44671142,,,,
,ABC,10LBS,Suite B50 by rear nurse station,761259,F88793742,,,,
,ABC,10LBS,Suite B50 scheduling desk,761260,F88789521,,,,
,ABC,10LBS,Suite B50 by printers,761261,F88783197,,,,
,ABC,10LBS,Suite B50 kitchen ,761262,F88770824,,,,
,ABC,10LBS,Suite B50 procedure,761263,F88789522,,,,
BMP1-01,ABC,5LBS,Suite 100 BDC north hall across from billing,761091,F59539400,,,,
BMP1-02,ABC,5LBS,Suite 100 BDC east hall next to MRI,761096,F59540927,,,,
BMP1-03,water,10LBS,Suite 100 BDC east hall MRI entry door ,761614,F58464863,,,,
BMP1-04,ABC,5LBS,Suite 100 BDC south hall across from RAD 2 ,761098,F59543259,,,,
BMP1-05,ABC,5LBS,Suite 100 BDC west hall next to storage room,761127,F59539401,,,,
BMP1-06,ABC,5LBS,Suite 100 BDC PAT hall by mngrs office,761097,F59541630,,,,
BMP1-07,ABC,5LBS,Suite 101  recovery room,281745,E11492927,,,,
BMP1-08,ABC,5LBS,Suite 101  west hall across nurse station,761103,F70314318,,,,
BMP1-09,ABC,10LBS,Suite 101 hall door to Lobby,761102,F70314321,,,,
,BC,5LBS,Suite 101 Proc rm 1,761616,F76699330,,,,
,BC,5LBS,Suite 101 Proc rm 2,761615,F76699331,,,,
,ABC,10LBS,1st hallway by FDC cabinet,761368,G16810004,,,,
,CO2,20LBS,1st electrical closet ,761396,F87311667,,,,
,CO2,10LBS,Loading dock electrical closet by fire panel,761399,F99991622,,,,
,CO2,10LBS,Loading dock mechanical closet chiller water,761398,F99991627,,,,
,ABC,10LBS,2nd hallway by FDC cabinet,761364,G16809995,,,,
,ABC,10LBS,2nd vending area,761381,G16810006,,,,
,CO2,20LBS,2nd electrical closet,761395,F9998836,,,,
,,,2nd fl Norwood Clinic Lobby Elv equip rm,411466,H01378022,,,,
,ABC,10LBS,Suite 200 Reception Area,761187,F88770820,,,,
,ABC,10LBS,Suite 200 IT behind the Recption Area,761188,F88789513,,,,
,ABC,10LBS,Suite 200 Breakroom by door,761186,F88793737,,,,
,ABC,10LBS,Suite 260 BBH Surgical Specialist ,761369,G16809097,,,,
,ABC,10LBS,Suite 250 lobby,761254,BN829824,,,,
,ABC,10LBS,Suite 250 by restroom,761255,BN823413,,,,
,ABC,10LBS,Suite 275 treatment area,761268,F88861925,,,,
,ABC,10LBS,Suite 275 near rm 3,761502,G15010903,,,,
,ABC,10LBS,Suite 275 rear exit,761267,JL525469,,,,
,ABC,10LBS,Suite 310 Dr.Askew  Behind Recption Area,761479,G16809094,,,,
,ABC,10LBS,Suite 320 BW  SURGICAL WEIGHT LOSS,761480,G16809092,,,,
,ABC,10LBS,Suite 372 Breakroom,761367,G16809999,,,,
,ABC,5LBS,Suite 372 restroom,281785,D58832969,,,,
,ABC,5LBS,Suite 372 by office exit door,281793,D58833746,,,,
,ABC,5LBS,Suite 372 by lobby door,411876,C91407780,,,,
,ABC,10LBS,Suite 360 reception area,761249,F88773158,,,,
,ABC,10LBS,Suite 360 breakroom,761250,F8870052,,,,
,ABC,10LBS,Suite 360 by rm 6,761253,F63698227,,,,
,ABC,10LBS,3rd hallway by FDC cabinet,761099,F70303135,,,,
,BC,5LBS,3rd electrical closet,761401,F87311663,,,,
BMP4-03,ABC,10LBS,Suite 403 Brookwood patient admitting ,281747,E1189386,,,,
BMP4-05,ABC,10LBS,Suite 403 Brookwood business office lobby,761366,G16809997,,,,
BMP4-06,ABC,10LBS,Suite 403 Brookwood business office hall,761365,G16810001,,,,
,ABC,10LBS,Suite 401 lobby,761245,F88783200,,,,
,ABC,10LBS,Suite 401 by checkout,761246,WZ626743,,,,
,ABC,10LBS,Suite 401 by exam rm,761509,F8879341,,,,
,ABC,10LBS,Suite 401 end of hall by rm 10,761510,F88783198,,,,
,ABC,10LBS,Suite 401 infusion rm,761248,F-88793740,,,,
,ABC,10LBS,4th Hallway FDC cabinet,761371,G16810007,,,,
,ABC,10LBS,4th hallway by suite 404,761372,G16810000,,,,
,CO2,20LBS,4th electrical closet,761402,G11332344,,,,
,ABC,10LBS,Suite 501 MSA Storage Rear Door ,761421,F88830391,,,,
,ABC,10LBS,Suite 501 MSA Storage Staff area Front ,761420,F88842271,,,,
BMP5-04,ABC,10LBS,Suite 504 wound care by room 1,761105,F70240998,,,,
BMP5-05,ABC,10LBS,Suite 504 wound care by room 6,761363,G16807128,,,,
BMP5-06,ABC,10LBS,Suite 504 wound care hyperbaric chamber,761070,F70313780,,,,
BMP5-07,ABC,10LBS,Suite 505,761839,F36266982,,,,
,ABC,10LBS,Suite 507 Medical Staff Affairs ,761423,F88832749,,,,
,ABC,10LBS,5th End of crosswalk,761106,F70303696,,,,
,ABC,10LBS,5th Hallway FDC cabinet,761107,F70314319,,,,
,CO2,20LBS,5th Electrical closet,761405,G11335275,,,,
,ABC,10LBS,Suite 500 by restroom,761240,F88773159,,,,
,ABC,10LBS,Suite 500 by infusion,761241,F8870051,,,,
,ABC,10LBS,Suite 506 by processing room,761242,F88770823,,,,
,ABC,10LBS,Suite 506 by rear exit,761243,F8881948,,,,
,ABC,10LBS,Suite 502 by lobby door,761244,F88773160,,,,
,ABC,10LBS,BMP Crosswalk,761015,F72213256,,,,
,CO2,20LBS,Roof penthouse elevator,411739,AB391197,,,,
,CO2,20LBS,Roof penthouse elec side,761404,G11335249,,,,
,CO2,20LBS,Roof penthouse air handler,761403,G11335258,,,,
BMPDL-01,ABC,10LBS,BMP deck upper level next to lobby entrance,781847,I17695701,,,,
BMPP1-01,ABC,10LBS,BMP deck east side P1,761429,F88829008,,,,
BMPP1-02,ABC,10LBS,BMP deck west side P1,761432,F46777810,,,,
BMPP2-01,ABC,10LBS,BMP deck east side P2,761408,G16809996,,,,
BMPP2-02,ABC,10LBS,BMP deck west side P2,411689,F01497312,,,,
BMPP3-01,ABC,10LBS,BMP deck east side P3,281832,F01497358,,,,
BMPP3-02,ABC,10LBS,BMP deck west side P3,281766,I17714130,,,,
BMPP4-01,ABC,10LBS,BMP deck east side P4,761503,G09723202,,,,
BMPP4-02,ABC,5LBS,BMP deck west side P4,761004,AU483180,,,,

+
Location #,Type,Size,Location,Barcode,Serial Number,Pass Y/N,< 5ft Y/N,Date Inspected ,Initials
VDY5-01,ABC,10LBS,VPD L5 Yellow,761002,F46781494,,,,
VDY6-01,ABC,10LBS,VPD L6 Yellow,761496,F44671099,,,,
VDY7-01,ABC,10LBS,VPD L7 Yellow,761633,F70303700,,,,
VDYP-01,ABC,10LBS,VPD yellow elevator penthouse,,F44671123,,,,
VDO1-01,ABC,10LBS,VPD L1 Orange,411733,BE842789,,,,
VDO2-01,ABC,10LBS,VPD L2 Orange,281765,F44671139,,,,
VDO3-01,ABC,10LBS,VPD L3 Orange,761499,G16809102,,,,
VDO4-01,ABC,10LBS,VPD L4 Orange,411622,AC602174,,,,
VDO6-01,ABC,5LBS,VPD L6 Orange,761003,F46781493,,,,
VDO5-01,ABC,5LBS,VPD L5 Orange,761008,E77736392,,,,
VDO7-01,ABC,10LBS,VPD L7 Orange,761492,G16812985,,,,
VDOP-01,ABC,10LBS,VPD orange elevator penthouse,761549,F44671098,,,,
VDB1-01,ABC,10LBS,VPD L1 Blue,411993,F44671135,,,,
VDB2-01,ABC,10LBS,VPD L2 Blue,761643,G13245269,,,,
VDB3-01,ABC,10LBS,VPD L3 Blue,411994,F44671114,,,,
VDB4-01,ABC,10LBS,VPD L4 Blue,441991,F44671113,,,,
VDB5-01,ABC,10LBS,VPD L5 Blue,411995,F44671134,,,,
VDB6-01,ABC,10LBS,VPD L6 Blue,411990,G16812988,,,,
VDB7-01,ABC,10LBS,VPD L7 Blue,411996,F44621088,,,,
VDBP-01,ABC,10LBS,VPD Blue elevator penthouse,411997,F44671111,,,,
VDW-01,ABC,10LBS,VPD fuel storage tank by gate,,F44671140,,,,
VDW-01,BC,5LBS,VPD power station inside 1st level,761607,H33684642,,,,
VDW-01,BC,5LBS,VPD power station inside 1st level read door right,761606,H33685701,,,,
VDW-01,ABC,10LBS,VPD power station 1st level outisde rear door,761038,F70303139,,,,
VDW-01,ABC,10LBS,VPD fire exit by elevator lobby,761039,F70303134,,,,
VDW-02,ABC,25LBS,VPD fuel storage tank inside fence,761116,F70312775,,,,
VDW-03,ABC,10LBS,VPD warehouse north fire exit maint. Area,411631,AC600728,,,,
VDW-04,ABC,10LBS,VPD warehouse maint. Area by door,761040,F70314312,,,,
VDW-06,Purk,20LBS,VPD warehouse generator room right,761604,F58421748,,,,
VDW-07,Purk,20LBS,VPD warehouse generator room left,761603,F58421754,,,,
VDW-08,BC,5LBS,VPD warehouse generator room side door,761605,F59099677,,,,
VDW-09,BC,10LBS,VPD warehouse by bathroom,761608,F52774899,,,,
VDW-10,ABC,5LBS,VPD warehouse by main entrance ,761319,F99915781,,,,
VDW-11,ABC,5LBS,VPD Warehouse by Loading Dock ,761302,G-16807132,,,,

+
Location #,Type,Size,Location,Barcode,Serial Number,Pass Y/N,< 5ft Y/N,Date Inspected,Initials
WG-01,ABC,10LBS,Ground fl tunnel near main hospital ,761650,F44671130,,,,
WG-02,ABC,10LBS,Ground fl tunnel near elevators 8/9/10 lobby,761776,I17695177,,,,
WG-03,ABC,5LBS,Ground fl tunnel across from elevators 8/9/10 ,761304,G13246832,,,,
WG-04,ABC,10LBS,Ground fl tunnel near elevators 6/7,761300,G16810016,,,,
W1-02,ABC,5LBS,Hall next to Womens classroom,761884,I15995076,,,,
W1-03,ABC,10LBS,South hall next to valet parking,761885,I15992747,,,,
W1-04,ABC,10LBS,1st floor in suite 101,761620,F-70314311,,,,
W1-05,ABC,5LBS,1st floor in Nursing Services,281828,H07164747,,,,
W1-06,ABC,5LBS,1st floor Womens Surgery exit by holding rm 5,281811,H07164702,,,,
W1-07,ABC,5LBS,1st floor Womens Surgery breakroom by holding rm 12,281816,H07164725,,,,
W1-08,ABC,10LBS,Womens Surgery autoclave at OR 3/4,281763,I17717020,,,,
W1-09,ABC,10LBS,Womens Surgery autoclave at OR 1/2,281762,I17713729,,,,
W1-10,ABC,10LBS,Womens Surgery autoclave at OR 5/7,281761,I17695180,,,,
W1-11,ABC,10LBS,Womens Surgery hall by OR 7,411879,BR591267,,,,
W1-12,ABC,5LBS,Communiction operator room,761777,I15998323,,,,
,ABC,10LBS,1st floor storage by Communications (Old locksmith shop),761784,I17713738,,,,
W1-14,ABC,5LBS,1st floor hall by Nursing Services,761783,I16006918,,,,
W1-15,ABC,5LBS,1st floor Womens Surgery by holding rm 11/12,281819,H07164698,,,,
W1-17,ABC,10LBS,Womens Surgery hall by old LDR 2,761778,I17717029,,,,
W1-18,ABC,5LBS,Womens Surgery hall by old LDR 10,281834,H07164684,,,,
W1-19,ABC,5LBS,Womens Surgery hall by old LDR 4,281827,H07164675,,,,
W1-21,ABC,5LBS,Old NICU Nursing Station,281809,H07164691,,,,
W1-22,ABC,5LBS,Old NICU center right column,761599,BE842787,,,,
W1-23,ABC,5LBS,1st floor hall to Womens Surgery suite ,281815,H07166615,,,,
,ABC,10LBS,1st floor SDS bronch suite,761412,F88832745,,,,
W1-24,ABC,5LBS,South hall next to gallery wall,761785,I06596558,,,,
W1-27,BC,5LBS,1st floor WOR 4,761166,F69491692,,,,
W1-28,BC,5LBS,1st floor WOR 3,761164,F69491714,,,,
W1-30,BC,5LBS,1st floor WOR 7,761652,H28955474,,,,
W1-31,BC,5LBS,1st floor WOR 6,761179,F69491708,,,,
W1-32,BC,5LBS,1st floor WOR 5,761162,F69491694,,,,
W1-33,BC,5LBS,1st floor WOR 1,761163,F69491707,,,,
W1-32,BC,5LBS,1st floor WOR 2,761165,F69491711,,,,
W1-35,BC,5LBS,1st floor Robot WOR 9,761160,F69491710,,,,
W1-36,BC,5LBS,1st floor Robot WOR 8,761159,F69491709,,,,
W1-37,BC,5LBS,1st floor Robot WOR 10,281813,I17717031,,,,
,ABC,5LBS,1st floor by WOR 10,761180,F69491713,,,,
W1-38,BC,5LBS,Inside womens Dr's Lounge,761779,I06594093,,,,
W1-39,ABC,5LBS,1st floor Womens Surgery in PACU,761651,F01497357,,,,
WC2-01,ABC,5LBS,2nd floor hall by stair 22/OB HG rm,761589,F51149679,,,,
WC2-02,ABC,5LBS,2nd floor inner hall by ET office,281810,F72245570,,,,
WC2-03,ABC,5LBS,2nd floor hall by room 2025,761646,G31902920,,,,
WC2-04,ABC,5LBS,2nd floor hall by room 2015,761645,G31902939,,,,
WC2-05,ABC,10LBS,2nd floor hall by dayroom,411670,F72245482,,,,
WC2-06,ABC,5LBS,2nd floor hall by room 2003,761781,I17695190,,,,
WC2-07,ABC,10LBS,2nd floor hall by room 266,761780,I16006919,,,,
MHW3-01,ABC,5LBS,3rd floor Specialty Select hall by stair 22,281825,F72245471,,,,
MHW3-03,ABC,5LBS,3rd floor Specialty Select hall by rm 3323,281807,F72245446,,,,
MHW3-04,ABC,5LBS,3rd floor Specialty Select hall by rm 3314,281795,F72245551,,,,
MHW3-05,ABC,10LBS,3rd floor Specialty Select hall by OT/PT gym,761588,F46778767,,,,
MHW-06,ABC,5LBS,3rd floor Specialty Select hall by rm 3328,281803,F72245533,,,,
MHW-07,ABC,5LBS,3rd floor Specialty Select hall by rm 3309,761782,I15987907,,,,
WT3-01,ABC,5LBS,3rd floor hall by staff only office/doors to lobby,761789,I16007465,,,,
WT3-02,ABC,5LBS,3rd floor hall by room 3017,281821,F72245466,,,,
WT3-03,ABC,5LBS,3rd floor L&D OR 2,761791,I15998324,,,,
WT3-04,ABC,5LBS,3rd floor L&D OR 1,761792,I15991568,,,,
WT3-01,ABC,5LBS,3rd floor L&D OR 3,761793,I16007467,,,,
WT3-05,ABC,5LBS,3rd floor L&D OR 4,761794,I16006916,,,,
WT3-06,ABC,5LBS,3rd floor hall by room 3007,761790,I15991571,,,,
WT3-07,ABC,5LBS,3rd floor hall by room 3001,761305,G13246830,,,,
WT4-01,ABC,5LBS,4th floor hall by staff only office/doors to lobby ,761795,I15995284,,,,
WT4-02,ABC,5LBS,4th floor hall by suite 1,761787,I16006915,,,,
WT4-03,ABC,5LBS,4th floor NS by room 4018 A/B,411591,AH197571,,,,
,ABC,5LBS,4th floor mech rm by rm 478 upper platform,761788,I15987905,,,,
E4-05,ABC,5LBS,4th floor roof (through mech rm by rm 478),281837,F72245489,,,,
E4-06,ABC,10LBS,4th floor mech rm by rm 478,761713,I17713240,,,,
WT4-04,ABC,5LBS,4th floor hall by EVS closet,281829,F72245480,,,,
WT5-01,ABC,5LBS,5th floor at stair 25 by room 5028,761797,I15987908,,,,
WT5-02,ABC,5LBS,5th floor center hall by NS,281738,F72245492,,,,
WT5-03,ABC,5LBS,5th floor center hall by EVS closet,761796,I16007466,,,,
WT5-04,ABC,5LBS,5th floor by room 5012,761114,F70314305,,,,
WT5-05,ABC,5LBS,5th floor lily pad nursery ,761144,F59541627,,,,
WT6-01,ABC,5LBS,6th floor center hall by NS,761798,I06602184,,,,
WT6-02,ABC,5LBS,6th floor by room 6012,761800,I16007463,,,,
WT6-03,ABC,5LBS,6th floor lily pad nursery,761649,G31902899,,,,
WT6-04,ABC,5LBS,6th floor center hall by elevators 4/5 lobby ,761799,I15995282,,,,
WT6-05,ABC,5LBS,6th floor at stair 25 by room 6028,761801,I15995283,,,,
WTPD-P2-01,ABC,10LBS,P2 garage right of elevators,761306,G13246827,,,,
WTPD-P2-02,ABC,10LBS,P2 garage by entrance only ramp,411718,F722454491,,,,
WTPD-P2-03,ABC,5LBS,P2 garage middle mech room,761303,G13248878,,,,
WTPD-P2-04,ABC,5LBS,P2 garage at stair 24 by storage rm ,761803,I16007464,,,,
WTPD-P2-05,ABC,10LBS,P2 garage back left wall in corner,761802,I17695188,,,,
WTPD-P1-01,ABC,5LBS,P1 garage back right wall by stair 24,761804,I17717028,,,,
WTPD-P1-03,ABC,10LBS,P1 garage back left electrical rm,761807,I07098498,,,,
WTPD-P1-04,PK,20LBS,P1 garage inside chiller room,761805,I15991569,,,,
WTPD-P1-05,ABC,10LBS,P1 garage outside elevator mach rm at elevators 4/5,761811,I17717024,,,,
WTPD-P1-06,ABC,5LBS,P1 garage inside boiler room,761593,F58421755,,,,
WTPD-P1-07,BC,5LBS,P1 garage wall left of Brookwood sign,761808,I17713230,,,,
WTPD-P1-08,ABC,10LBS,P1 right of main elevator lobby for 1/2/3,411865,F72245494,,,,
WTPD-P1-09,ABC,10LBS,P1 garage wall by stair 25,761812,I17713230,,,,
WTPD-P1-10,ABC,10LBS,P1 garage back right electrical rm by stair 24,761806,I07098501,,,,
WTPD-P1-12,ABC,10LBS,P1 garage in elevator mech rm,761810,I17713235,,,,
,ABC,10LBS,P1 garage fuel storage/mech rm,281780,F72245519,,,,
,BC,10LBS,P1 outside electrical rm,761809,i17695174,,,,
WMP-106,ABC,10LBS,1st floor hall by Impact suite 101,761786,I17717030,,,,
WMP-107,ABC,5LBS,1st floor Womens Surgery hall to WMC atrium/elevators,411541,F72245475,,,,
